{"cameraMode":{"drawMode":0,"name":"Shaded","section":"Shading Mode"},"sceneLighting":false,"audioPlay":false,"sceneViewState":{"showFog":true,"showMaterialUpdate":false,"showSkybox":true,"showFlares":true,"showImageEffects":true,"showParticleSystems":true},"in2DMode":false,"pivot":{"x":0.0,"y":1.0905636548995972,"z":0.03709928318858147},"rotation":{"x":-0.003233501221984625,"y":-0.9904377460479736,"z":0.13604019582271577,"w":-0.02347956970334053},"size":1.4520845413208008,"orthographic":true}